Headline,URL
UN Security Council backs US Israel-Gaza ceasefire plan,https://www.bbc.com/news/articles/cw448x7lxggo
Four US college instructors stabbed in public park in China,https://www.bbc.com/news/articles/c844q27v732o
"Fire at famous Bangkok market kills 1,000 animals",https://www.bbc.com/news/articles/cw44gm303wro
Warning shots from South as NK soldiers cross border,https://www.bbc.com/news/articles/c511ve3051po
BMW China parts probe expanded by US Senate panel,https://www.bbc.com/news/articles/crgg7p95jdgo
Four US college instructors stabbed in public park in China,https://www.bbc.com/news/articles/c844q27v732o
Singapore Airlines turbulence victims offered payouts,https://www.bbc.com/news/articles/cpwwy3wq5p6o
Netanyahu walks tightrope as US urges Gaza ceasefire deal,https://www.bbc.com/news/articles/c511vl9yjwwo
Eight more die as India faces longest heatwave,https://www.bbc.com/news/articles/cz77jkk420lo
"Fire at famous Bangkok market kills 1,000 animals",https://www.bbc.com/news/articles/cw44gm303wro
Apple brings ChatGPT to iPhones in AI overhaul,https://www.bbc.com/news/articles/c4nn5mejl89o
YouTube prankster elected to European Parliament,https://www.bbc.com/news/articles/c4nnrwr72dqo
Aircraft carrying Malawi vice-president goes missing,https://www.bbc.com/news/articles/c4nn0zkq79ko
Baltimore shipping channel reopens after bridge collapse,https://www.bbc.com/news/articles/cnkk2d1ezzyo
US civil rights hero James Lawson dies at 95,https://www.bbc.com/news/articles/cw00w25x2pko
Features and analysis,https://www.bbc.com/news/articles/c722094n135o
'Becoming a totalitarian state': UK judge on why he quit Hong Kong court,https://www.bbc.com/news/articles/c722094n135o
Why the EU might be about to make Chinese electric cars more expensive,https://www.bbc.com/news/articles/cpww6w412n7o
Hardliners dominate Iran presidential candidates,https://www.bbc.com/news/articles/cy66y5xgjqgo
"Drugs, alcohol and a gun: Inside Hunter Biden's trial",https://www.bbc.com/news/videos/c7221r0v5q7o
Why voters fall out of love with liberation movements,https://www.bbc.com/news/articles/c166zlx6354o
Why the EU might be about to make Chinese electric cars more expensive,https://www.bbc.com/news/articles/cpww6w412n7o
A cartoon cat has been vexing China’s censors – now he says they are on his tail,https://www.bbc.com/news/articles/cv2260z4ny6o
Five ways Michael Mosley made us healthier,https://www.bbc.com/news/articles/c1wwv0405wyo
Hardliners dominate Iran presidential candidates,https://www.bbc.com/news/articles/cy66y5xgjqgo
Most watched,https://www.bbc.com/news/videos/cw00n8ljq97o
Stranded surfer rescued after spelling out 'HELP',https://www.bbc.com/news/videos/cw00n8ljq97o
Watch: Space X Starship makes successful splashdown,https://www.bbc.com/news/articles/cv22w92wvn7o
"Drugs, alcohol and a gun: Inside Hunter Biden's trial",https://www.bbc.com/news/videos/c7221r0v5q7o
Rodeo bull escapes and hurls bystander into the air,https://www.bbc.com/news/videos/cw991neypvjo
Huge apartment fire in Miami fills sky with smoke,https://www.bbc.com/news/videos/c722ke42krgo
Also in news,https://www.bbc.com/news/articles/cpwwy3wq5p6o
Singapore Airlines turbulence victims offered payouts,https://www.bbc.com/news/articles/cpwwy3wq5p6o
Wildfires threaten unique Brazil ecosystem,https://www.bbc.com/news/articles/crgg7rnlrylo
"SA rapper mourns daughter, 9, killed in car crash",https://www.bbc.com/news/articles/cn0024pw1w2o
Thousands head to Wales for Pink world tour,https://www.bbc.com/news/articles/c1vvxr031wqo
Three sentenced for racial abuse of Real Madrid star,https://www.bbc.com/sport/football/articles/c977plv56d9o
Wildfires threaten unique Brazil ecosystem,https://www.bbc.com/news/articles/crgg7rnlrylo
Ten-year-old Taylor Swift fan delighted to be given star's hat,https://www.bbc.com/news/videos/c4nn55jn1ylo
Trump has interview with New York probation officer,https://www.bbc.com/news/articles/c988pvr7w14o
"SA rapper mourns daughter, 9, killed in car crash",https://www.bbc.com/news/articles/cn0024pw1w2o
Most read,https://www.bbc.com/news/articles/c844q27v732o
Four US college instructors stabbed in public park in China,https://www.bbc.com/news/articles/c844q27v732o
"Fire at famous Bangkok market kills 1,000 animals",https://www.bbc.com/news/articles/cw44gm303wro
Singapore Airlines turbulence victims offered payouts,https://www.bbc.com/news/articles/cpwwy3wq5p6o
UN Security Council backs US Israel-Gaza ceasefire plan,https://www.bbc.com/news/articles/cw448x7lxggo
"Michael Mosley died of natural causes, police say",https://www.bbc.com/news/articles/c1dd7ekyrpyo
Apple brings ChatGPT to iPhones in AI overhaul,https://www.bbc.com/news/articles/c4nn5mejl89o
Warning shots from South as NK soldiers cross border,https://www.bbc.com/news/articles/c511ve3051po
Aircraft carrying Malawi vice-president goes missing,https://www.bbc.com/news/articles/c4nn0zkq79ko
Netanyahu walks tightrope as US urges Gaza ceasefire deal,https://www.bbc.com/news/articles/c511vl9yjwwo
Farmers to drive length of British coastline in JCB,https://www.bbc.com/news/articles/cq55qnn58xdo
Sport,https://www.bbc.com/sport/football/live/cjrrlyp4wj9t
Euro 2024 build-up: England arrive and Scotland prepare for Friday's opener,https://www.bbc.com/sport/football/live/cjrrlyp4wj9t
'Winning these Euros not just down to having the best players',https://www.bbc.com/sport/football/articles/ce99xp9qyw0o
Brazil Paralympian selected for Paris Olympics,https://www.bbc.com/sport/articles/cd11e3dnjqxo
SA on brink of Super 8s with tense win over Bangladesh,https://www.bbc.com/sport/cricket/articles/c2ll9ne7e9zo
Dobson claims 400m silver as Caudery wins pole vault bronze,https://www.bbc.com/sport/athletics/articles/c100zz66j4qo
'Winning these Euros not just down to having the best players',https://www.bbc.com/sport/football/articles/ce99xp9qyw0o
Burrow gave MND community a voice - ex-rugby pro Slater,https://www.bbc.com/sport/articles/c4nnlppej1eo
F1 Q&A after Canada: Ricciardo and Sainz future plus Perez at Red Bull,https://www.bbc.com/sport/formula1/articles/cz99q58lmvro
Brazil Paralympian selected for Paris Olympics,https://www.bbc.com/sport/articles/cd11e3dnjqxo
